"","name","url"
"1","bulbasaur","https://pokeapi.co/api/v2/pokemon/1/"
"2","ivysaur","https://pokeapi.co/api/v2/pokemon/2/"
"3","venusaur","https://pokeapi.co/api/v2/pokemon/3/"
"4","charmander","https://pokeapi.co/api/v2/pokemon/4/"
"5","charmeleon","https://pokeapi.co/api/v2/pokemon/5/"
"6","charizard","https://pokeapi.co/api/v2/pokemon/6/"
"7","squirtle","https://pokeapi.co/api/v2/pokemon/7/"
"8","wartortle","https://pokeapi.co/api/v2/pokemon/8/"
"9","blastoise","https://pokeapi.co/api/v2/pokemon/9/"
"10","caterpie","https://pokeapi.co/api/v2/pokemon/10/"
"11","metapod","https://pokeapi.co/api/v2/pokemon/11/"
"12","butterfree","https://pokeapi.co/api/v2/pokemon/12/"
"13","weedle","https://pokeapi.co/api/v2/pokemon/13/"
"14","kakuna","https://pokeapi.co/api/v2/pokemon/14/"
"15","beedrill","https://pokeapi.co/api/v2/pokemon/15/"
"16","pidgey","https://pokeapi.co/api/v2/pokemon/16/"
"17","pidgeotto","https://pokeapi.co/api/v2/pokemon/17/"
"18","pidgeot","https://pokeapi.co/api/v2/pokemon/18/"
"19","rattata","https://pokeapi.co/api/v2/pokemon/19/"
"20","raticate","https://pokeapi.co/api/v2/pokemon/20/"
"21","spearow","https://pokeapi.co/api/v2/pokemon/21/"
"22","fearow","https://pokeapi.co/api/v2/pokemon/22/"
"23","ekans","https://pokeapi.co/api/v2/pokemon/23/"
"24","arbok","https://pokeapi.co/api/v2/pokemon/24/"
"25","pikachu","https://pokeapi.co/api/v2/pokemon/25/"
"26","raichu","https://pokeapi.co/api/v2/pokemon/26/"
"27","sandshrew","https://pokeapi.co/api/v2/pokemon/27/"
"28","sandslash","https://pokeapi.co/api/v2/pokemon/28/"
"29","nidoran-f","https://pokeapi.co/api/v2/pokemon/29/"
"30","nidorina","https://pokeapi.co/api/v2/pokemon/30/"
"31","nidoqueen","https://pokeapi.co/api/v2/pokemon/31/"
"32","nidoran-m","https://pokeapi.co/api/v2/pokemon/32/"
"33","nidorino","https://pokeapi.co/api/v2/pokemon/33/"
"34","nidoking","https://pokeapi.co/api/v2/pokemon/34/"
"35","clefairy","https://pokeapi.co/api/v2/pokemon/35/"
"36","clefable","https://pokeapi.co/api/v2/pokemon/36/"
"37","vulpix","https://pokeapi.co/api/v2/pokemon/37/"
"38","ninetales","https://pokeapi.co/api/v2/pokemon/38/"
"39","jigglypuff","https://pokeapi.co/api/v2/pokemon/39/"
"40","wigglytuff","https://pokeapi.co/api/v2/pokemon/40/"
"41","zubat","https://pokeapi.co/api/v2/pokemon/41/"
"42","golbat","https://pokeapi.co/api/v2/pokemon/42/"
"43","oddish","https://pokeapi.co/api/v2/pokemon/43/"
"44","gloom","https://pokeapi.co/api/v2/pokemon/44/"
"45","vileplume","https://pokeapi.co/api/v2/pokemon/45/"
"46","paras","https://pokeapi.co/api/v2/pokemon/46/"
"47","parasect","https://pokeapi.co/api/v2/pokemon/47/"
"48","venonat","https://pokeapi.co/api/v2/pokemon/48/"
"49","venomoth","https://pokeapi.co/api/v2/pokemon/49/"
"50","diglett","https://pokeapi.co/api/v2/pokemon/50/"
"51","dugtrio","https://pokeapi.co/api/v2/pokemon/51/"
"52","meowth","https://pokeapi.co/api/v2/pokemon/52/"
"53","persian","https://pokeapi.co/api/v2/pokemon/53/"
"54","psyduck","https://pokeapi.co/api/v2/pokemon/54/"
"55","golduck","https://pokeapi.co/api/v2/pokemon/55/"
"56","mankey","https://pokeapi.co/api/v2/pokemon/56/"
"57","primeape","https://pokeapi.co/api/v2/pokemon/57/"
"58","growlithe","https://pokeapi.co/api/v2/pokemon/58/"
"59","arcanine","https://pokeapi.co/api/v2/pokemon/59/"
"60","poliwag","https://pokeapi.co/api/v2/pokemon/60/"
"61","poliwhirl","https://pokeapi.co/api/v2/pokemon/61/"
"62","poliwrath","https://pokeapi.co/api/v2/pokemon/62/"
"63","abra","https://pokeapi.co/api/v2/pokemon/63/"
"64","kadabra","https://pokeapi.co/api/v2/pokemon/64/"
"65","alakazam","https://pokeapi.co/api/v2/pokemon/65/"
"66","machop","https://pokeapi.co/api/v2/pokemon/66/"
"67","machoke","https://pokeapi.co/api/v2/pokemon/67/"
"68","machamp","https://pokeapi.co/api/v2/pokemon/68/"
"69","bellsprout","https://pokeapi.co/api/v2/pokemon/69/"
"70","weepinbell","https://pokeapi.co/api/v2/pokemon/70/"
"71","victreebel","https://pokeapi.co/api/v2/pokemon/71/"
"72","tentacool","https://pokeapi.co/api/v2/pokemon/72/"
"73","tentacruel","https://pokeapi.co/api/v2/pokemon/73/"
"74","geodude","https://pokeapi.co/api/v2/pokemon/74/"
"75","graveler","https://pokeapi.co/api/v2/pokemon/75/"
"76","golem","https://pokeapi.co/api/v2/pokemon/76/"
"77","ponyta","https://pokeapi.co/api/v2/pokemon/77/"
"78","rapidash","https://pokeapi.co/api/v2/pokemon/78/"
"79","slowpoke","https://pokeapi.co/api/v2/pokemon/79/"
"80","slowbro","https://pokeapi.co/api/v2/pokemon/80/"
"81","magnemite","https://pokeapi.co/api/v2/pokemon/81/"
"82","magneton","https://pokeapi.co/api/v2/pokemon/82/"
"83","farfetchd","https://pokeapi.co/api/v2/pokemon/83/"
"84","doduo","https://pokeapi.co/api/v2/pokemon/84/"
"85","dodrio","https://pokeapi.co/api/v2/pokemon/85/"
"86","seel","https://pokeapi.co/api/v2/pokemon/86/"
"87","dewgong","https://pokeapi.co/api/v2/pokemon/87/"
"88","grimer","https://pokeapi.co/api/v2/pokemon/88/"
"89","muk","https://pokeapi.co/api/v2/pokemon/89/"
"90","shellder","https://pokeapi.co/api/v2/pokemon/90/"
"91","cloyster","https://pokeapi.co/api/v2/pokemon/91/"
"92","gastly","https://pokeapi.co/api/v2/pokemon/92/"
"93","haunter","https://pokeapi.co/api/v2/pokemon/93/"
"94","gengar","https://pokeapi.co/api/v2/pokemon/94/"
"95","onix","https://pokeapi.co/api/v2/pokemon/95/"
"96","drowzee","https://pokeapi.co/api/v2/pokemon/96/"
"97","hypno","https://pokeapi.co/api/v2/pokemon/97/"
"98","krabby","https://pokeapi.co/api/v2/pokemon/98/"
"99","kingler","https://pokeapi.co/api/v2/pokemon/99/"
"100","voltorb","https://pokeapi.co/api/v2/pokemon/100/"
"101","electrode","https://pokeapi.co/api/v2/pokemon/101/"
"102","exeggcute","https://pokeapi.co/api/v2/pokemon/102/"
"103","exeggutor","https://pokeapi.co/api/v2/pokemon/103/"
"104","cubone","https://pokeapi.co/api/v2/pokemon/104/"
"105","marowak","https://pokeapi.co/api/v2/pokemon/105/"
"106","hitmonlee","https://pokeapi.co/api/v2/pokemon/106/"
"107","hitmonchan","https://pokeapi.co/api/v2/pokemon/107/"
"108","lickitung","https://pokeapi.co/api/v2/pokemon/108/"
"109","koffing","https://pokeapi.co/api/v2/pokemon/109/"
"110","weezing","https://pokeapi.co/api/v2/pokemon/110/"
"111","rhyhorn","https://pokeapi.co/api/v2/pokemon/111/"
"112","rhydon","https://pokeapi.co/api/v2/pokemon/112/"
"113","chansey","https://pokeapi.co/api/v2/pokemon/113/"
"114","tangela","https://pokeapi.co/api/v2/pokemon/114/"
"115","kangaskhan","https://pokeapi.co/api/v2/pokemon/115/"
"116","horsea","https://pokeapi.co/api/v2/pokemon/116/"
"117","seadra","https://pokeapi.co/api/v2/pokemon/117/"
"118","goldeen","https://pokeapi.co/api/v2/pokemon/118/"
"119","seaking","https://pokeapi.co/api/v2/pokemon/119/"
"120","staryu","https://pokeapi.co/api/v2/pokemon/120/"
"121","starmie","https://pokeapi.co/api/v2/pokemon/121/"
"122","mr-mime","https://pokeapi.co/api/v2/pokemon/122/"
"123","scyther","https://pokeapi.co/api/v2/pokemon/123/"
"124","jynx","https://pokeapi.co/api/v2/pokemon/124/"
"125","electabuzz","https://pokeapi.co/api/v2/pokemon/125/"
"126","magmar","https://pokeapi.co/api/v2/pokemon/126/"
"127","pinsir","https://pokeapi.co/api/v2/pokemon/127/"
"128","tauros","https://pokeapi.co/api/v2/pokemon/128/"
"129","magikarp","https://pokeapi.co/api/v2/pokemon/129/"
"130","gyarados","https://pokeapi.co/api/v2/pokemon/130/"
"131","lapras","https://pokeapi.co/api/v2/pokemon/131/"
"132","ditto","https://pokeapi.co/api/v2/pokemon/132/"
"133","eevee","https://pokeapi.co/api/v2/pokemon/133/"
"134","vaporeon","https://pokeapi.co/api/v2/pokemon/134/"
"135","jolteon","https://pokeapi.co/api/v2/pokemon/135/"
"136","flareon","https://pokeapi.co/api/v2/pokemon/136/"
"137","porygon","https://pokeapi.co/api/v2/pokemon/137/"
"138","omanyte","https://pokeapi.co/api/v2/pokemon/138/"
"139","omastar","https://pokeapi.co/api/v2/pokemon/139/"
"140","kabuto","https://pokeapi.co/api/v2/pokemon/140/"
"141","kabutops","https://pokeapi.co/api/v2/pokemon/141/"
"142","aerodactyl","https://pokeapi.co/api/v2/pokemon/142/"
"143","snorlax","https://pokeapi.co/api/v2/pokemon/143/"
"144","articuno","https://pokeapi.co/api/v2/pokemon/144/"
"145","zapdos","https://pokeapi.co/api/v2/pokemon/145/"
"146","moltres","https://pokeapi.co/api/v2/pokemon/146/"
"147","dratini","https://pokeapi.co/api/v2/pokemon/147/"
"148","dragonair","https://pokeapi.co/api/v2/pokemon/148/"
"149","dragonite","https://pokeapi.co/api/v2/pokemon/149/"
"150","mewtwo","https://pokeapi.co/api/v2/pokemon/150/"
"151","mew","https://pokeapi.co/api/v2/pokemon/151/"
"152","chikorita","https://pokeapi.co/api/v2/pokemon/152/"
"153","bayleef","https://pokeapi.co/api/v2/pokemon/153/"
"154","meganium","https://pokeapi.co/api/v2/pokemon/154/"
"155","cyndaquil","https://pokeapi.co/api/v2/pokemon/155/"
"156","quilava","https://pokeapi.co/api/v2/pokemon/156/"
"157","typhlosion","https://pokeapi.co/api/v2/pokemon/157/"
"158","totodile","https://pokeapi.co/api/v2/pokemon/158/"
"159","croconaw","https://pokeapi.co/api/v2/pokemon/159/"
"160","feraligatr","https://pokeapi.co/api/v2/pokemon/160/"
"161","sentret","https://pokeapi.co/api/v2/pokemon/161/"
"162","furret","https://pokeapi.co/api/v2/pokemon/162/"
"163","hoothoot","https://pokeapi.co/api/v2/pokemon/163/"
"164","noctowl","https://pokeapi.co/api/v2/pokemon/164/"
"165","ledyba","https://pokeapi.co/api/v2/pokemon/165/"
"166","ledian","https://pokeapi.co/api/v2/pokemon/166/"
"167","spinarak","https://pokeapi.co/api/v2/pokemon/167/"
"168","ariados","https://pokeapi.co/api/v2/pokemon/168/"
"169","crobat","https://pokeapi.co/api/v2/pokemon/169/"
"170","chinchou","https://pokeapi.co/api/v2/pokemon/170/"
"171","lanturn","https://pokeapi.co/api/v2/pokemon/171/"
"172","pichu","https://pokeapi.co/api/v2/pokemon/172/"
"173","cleffa","https://pokeapi.co/api/v2/pokemon/173/"
"174","igglybuff","https://pokeapi.co/api/v2/pokemon/174/"
"175","togepi","https://pokeapi.co/api/v2/pokemon/175/"
"176","togetic","https://pokeapi.co/api/v2/pokemon/176/"
"177","natu","https://pokeapi.co/api/v2/pokemon/177/"
"178","xatu","https://pokeapi.co/api/v2/pokemon/178/"
"179","mareep","https://pokeapi.co/api/v2/pokemon/179/"
"180","flaaffy","https://pokeapi.co/api/v2/pokemon/180/"
"181","ampharos","https://pokeapi.co/api/v2/pokemon/181/"
"182","bellossom","https://pokeapi.co/api/v2/pokemon/182/"
"183","marill","https://pokeapi.co/api/v2/pokemon/183/"
"184","azumarill","https://pokeapi.co/api/v2/pokemon/184/"
"185","sudowoodo","https://pokeapi.co/api/v2/pokemon/185/"
"186","politoed","https://pokeapi.co/api/v2/pokemon/186/"
"187","hoppip","https://pokeapi.co/api/v2/pokemon/187/"
"188","skiploom","https://pokeapi.co/api/v2/pokemon/188/"
"189","jumpluff","https://pokeapi.co/api/v2/pokemon/189/"
"190","aipom","https://pokeapi.co/api/v2/pokemon/190/"
"191","sunkern","https://pokeapi.co/api/v2/pokemon/191/"
"192","sunflora","https://pokeapi.co/api/v2/pokemon/192/"
"193","yanma","https://pokeapi.co/api/v2/pokemon/193/"
"194","wooper","https://pokeapi.co/api/v2/pokemon/194/"
"195","quagsire","https://pokeapi.co/api/v2/pokemon/195/"
"196","espeon","https://pokeapi.co/api/v2/pokemon/196/"
"197","umbreon","https://pokeapi.co/api/v2/pokemon/197/"
"198","murkrow","https://pokeapi.co/api/v2/pokemon/198/"
"199","slowking","https://pokeapi.co/api/v2/pokemon/199/"
"200","misdreavus","https://pokeapi.co/api/v2/pokemon/200/"
"201","unown","https://pokeapi.co/api/v2/pokemon/201/"
"202","wobbuffet","https://pokeapi.co/api/v2/pokemon/202/"
"203","girafarig","https://pokeapi.co/api/v2/pokemon/203/"
"204","pineco","https://pokeapi.co/api/v2/pokemon/204/"
"205","forretress","https://pokeapi.co/api/v2/pokemon/205/"
"206","dunsparce","https://pokeapi.co/api/v2/pokemon/206/"
"207","gligar","https://pokeapi.co/api/v2/pokemon/207/"
"208","steelix","https://pokeapi.co/api/v2/pokemon/208/"
"209","snubbull","https://pokeapi.co/api/v2/pokemon/209/"
"210","granbull","https://pokeapi.co/api/v2/pokemon/210/"
"211","qwilfish","https://pokeapi.co/api/v2/pokemon/211/"
"212","scizor","https://pokeapi.co/api/v2/pokemon/212/"
"213","shuckle","https://pokeapi.co/api/v2/pokemon/213/"
"214","heracross","https://pokeapi.co/api/v2/pokemon/214/"
"215","sneasel","https://pokeapi.co/api/v2/pokemon/215/"
"216","teddiursa","https://pokeapi.co/api/v2/pokemon/216/"
"217","ursaring","https://pokeapi.co/api/v2/pokemon/217/"
"218","slugma","https://pokeapi.co/api/v2/pokemon/218/"
"219","magcargo","https://pokeapi.co/api/v2/pokemon/219/"
"220","swinub","https://pokeapi.co/api/v2/pokemon/220/"
"221","piloswine","https://pokeapi.co/api/v2/pokemon/221/"
"222","corsola","https://pokeapi.co/api/v2/pokemon/222/"
"223","remoraid","https://pokeapi.co/api/v2/pokemon/223/"
"224","octillery","https://pokeapi.co/api/v2/pokemon/224/"
"225","delibird","https://pokeapi.co/api/v2/pokemon/225/"
"226","mantine","https://pokeapi.co/api/v2/pokemon/226/"
"227","skarmory","https://pokeapi.co/api/v2/pokemon/227/"
"228","houndour","https://pokeapi.co/api/v2/pokemon/228/"
"229","houndoom","https://pokeapi.co/api/v2/pokemon/229/"
"230","kingdra","https://pokeapi.co/api/v2/pokemon/230/"
"231","phanpy","https://pokeapi.co/api/v2/pokemon/231/"
"232","donphan","https://pokeapi.co/api/v2/pokemon/232/"
"233","porygon2","https://pokeapi.co/api/v2/pokemon/233/"
"234","stantler","https://pokeapi.co/api/v2/pokemon/234/"
"235","smeargle","https://pokeapi.co/api/v2/pokemon/235/"
"236","tyrogue","https://pokeapi.co/api/v2/pokemon/236/"
"237","hitmontop","https://pokeapi.co/api/v2/pokemon/237/"
"238","smoochum","https://pokeapi.co/api/v2/pokemon/238/"
"239","elekid","https://pokeapi.co/api/v2/pokemon/239/"
"240","magby","https://pokeapi.co/api/v2/pokemon/240/"
"241","miltank","https://pokeapi.co/api/v2/pokemon/241/"
"242","blissey","https://pokeapi.co/api/v2/pokemon/242/"
"243","raikou","https://pokeapi.co/api/v2/pokemon/243/"
"244","entei","https://pokeapi.co/api/v2/pokemon/244/"
"245","suicune","https://pokeapi.co/api/v2/pokemon/245/"
"246","larvitar","https://pokeapi.co/api/v2/pokemon/246/"
"247","pupitar","https://pokeapi.co/api/v2/pokemon/247/"
"248","tyranitar","https://pokeapi.co/api/v2/pokemon/248/"
"249","lugia","https://pokeapi.co/api/v2/pokemon/249/"
"250","ho-oh","https://pokeapi.co/api/v2/pokemon/250/"
"251","celebi","https://pokeapi.co/api/v2/pokemon/251/"
"252","treecko","https://pokeapi.co/api/v2/pokemon/252/"
"253","grovyle","https://pokeapi.co/api/v2/pokemon/253/"
"254","sceptile","https://pokeapi.co/api/v2/pokemon/254/"
"255","torchic","https://pokeapi.co/api/v2/pokemon/255/"
"256","combusken","https://pokeapi.co/api/v2/pokemon/256/"
"257","blaziken","https://pokeapi.co/api/v2/pokemon/257/"
"258","mudkip","https://pokeapi.co/api/v2/pokemon/258/"
"259","marshtomp","https://pokeapi.co/api/v2/pokemon/259/"
"260","swampert","https://pokeapi.co/api/v2/pokemon/260/"
"261","poochyena","https://pokeapi.co/api/v2/pokemon/261/"
"262","mightyena","https://pokeapi.co/api/v2/pokemon/262/"
"263","zigzagoon","https://pokeapi.co/api/v2/pokemon/263/"
"264","linoone","https://pokeapi.co/api/v2/pokemon/264/"
"265","wurmple","https://pokeapi.co/api/v2/pokemon/265/"
"266","silcoon","https://pokeapi.co/api/v2/pokemon/266/"
"267","beautifly","https://pokeapi.co/api/v2/pokemon/267/"
"268","cascoon","https://pokeapi.co/api/v2/pokemon/268/"
"269","dustox","https://pokeapi.co/api/v2/pokemon/269/"
"270","lotad","https://pokeapi.co/api/v2/pokemon/270/"
"271","lombre","https://pokeapi.co/api/v2/pokemon/271/"
"272","ludicolo","https://pokeapi.co/api/v2/pokemon/272/"
"273","seedot","https://pokeapi.co/api/v2/pokemon/273/"
"274","nuzleaf","https://pokeapi.co/api/v2/pokemon/274/"
"275","shiftry","https://pokeapi.co/api/v2/pokemon/275/"
"276","taillow","https://pokeapi.co/api/v2/pokemon/276/"
"277","swellow","https://pokeapi.co/api/v2/pokemon/277/"
"278","wingull","https://pokeapi.co/api/v2/pokemon/278/"
"279","pelipper","https://pokeapi.co/api/v2/pokemon/279/"
"280","ralts","https://pokeapi.co/api/v2/pokemon/280/"
"281","kirlia","https://pokeapi.co/api/v2/pokemon/281/"
"282","gardevoir","https://pokeapi.co/api/v2/pokemon/282/"
"283","surskit","https://pokeapi.co/api/v2/pokemon/283/"
"284","masquerain","https://pokeapi.co/api/v2/pokemon/284/"
"285","shroomish","https://pokeapi.co/api/v2/pokemon/285/"
"286","breloom","https://pokeapi.co/api/v2/pokemon/286/"
"287","slakoth","https://pokeapi.co/api/v2/pokemon/287/"
"288","vigoroth","https://pokeapi.co/api/v2/pokemon/288/"
"289","slaking","https://pokeapi.co/api/v2/pokemon/289/"
"290","nincada","https://pokeapi.co/api/v2/pokemon/290/"
"291","ninjask","https://pokeapi.co/api/v2/pokemon/291/"
"292","shedinja","https://pokeapi.co/api/v2/pokemon/292/"
"293","whismur","https://pokeapi.co/api/v2/pokemon/293/"
"294","loudred","https://pokeapi.co/api/v2/pokemon/294/"
"295","exploud","https://pokeapi.co/api/v2/pokemon/295/"
"296","makuhita","https://pokeapi.co/api/v2/pokemon/296/"
"297","hariyama","https://pokeapi.co/api/v2/pokemon/297/"
"298","azurill","https://pokeapi.co/api/v2/pokemon/298/"
"299","nosepass","https://pokeapi.co/api/v2/pokemon/299/"
"300","skitty","https://pokeapi.co/api/v2/pokemon/300/"
"301","delcatty","https://pokeapi.co/api/v2/pokemon/301/"
"302","sableye","https://pokeapi.co/api/v2/pokemon/302/"
"303","mawile","https://pokeapi.co/api/v2/pokemon/303/"
"304","aron","https://pokeapi.co/api/v2/pokemon/304/"
"305","lairon","https://pokeapi.co/api/v2/pokemon/305/"
"306","aggron","https://pokeapi.co/api/v2/pokemon/306/"
"307","meditite","https://pokeapi.co/api/v2/pokemon/307/"
"308","medicham","https://pokeapi.co/api/v2/pokemon/308/"
"309","electrike","https://pokeapi.co/api/v2/pokemon/309/"
"310","manectric","https://pokeapi.co/api/v2/pokemon/310/"
"311","plusle","https://pokeapi.co/api/v2/pokemon/311/"
"312","minun","https://pokeapi.co/api/v2/pokemon/312/"
"313","volbeat","https://pokeapi.co/api/v2/pokemon/313/"
"314","illumise","https://pokeapi.co/api/v2/pokemon/314/"
"315","roselia","https://pokeapi.co/api/v2/pokemon/315/"
"316","gulpin","https://pokeapi.co/api/v2/pokemon/316/"
"317","swalot","https://pokeapi.co/api/v2/pokemon/317/"
"318","carvanha","https://pokeapi.co/api/v2/pokemon/318/"
"319","sharpedo","https://pokeapi.co/api/v2/pokemon/319/"
"320","wailmer","https://pokeapi.co/api/v2/pokemon/320/"
"321","wailord","https://pokeapi.co/api/v2/pokemon/321/"
"322","numel","https://pokeapi.co/api/v2/pokemon/322/"
"323","camerupt","https://pokeapi.co/api/v2/pokemon/323/"
"324","torkoal","https://pokeapi.co/api/v2/pokemon/324/"
"325","spoink","https://pokeapi.co/api/v2/pokemon/325/"
"326","grumpig","https://pokeapi.co/api/v2/pokemon/326/"
"327","spinda","https://pokeapi.co/api/v2/pokemon/327/"
"328","trapinch","https://pokeapi.co/api/v2/pokemon/328/"
"329","vibrava","https://pokeapi.co/api/v2/pokemon/329/"
"330","flygon","https://pokeapi.co/api/v2/pokemon/330/"
"331","cacnea","https://pokeapi.co/api/v2/pokemon/331/"
"332","cacturne","https://pokeapi.co/api/v2/pokemon/332/"
"333","swablu","https://pokeapi.co/api/v2/pokemon/333/"
"334","altaria","https://pokeapi.co/api/v2/pokemon/334/"
"335","zangoose","https://pokeapi.co/api/v2/pokemon/335/"
"336","seviper","https://pokeapi.co/api/v2/pokemon/336/"
"337","lunatone","https://pokeapi.co/api/v2/pokemon/337/"
"338","solrock","https://pokeapi.co/api/v2/pokemon/338/"
"339","barboach","https://pokeapi.co/api/v2/pokemon/339/"
"340","whiscash","https://pokeapi.co/api/v2/pokemon/340/"
"341","corphish","https://pokeapi.co/api/v2/pokemon/341/"
"342","crawdaunt","https://pokeapi.co/api/v2/pokemon/342/"
"343","baltoy","https://pokeapi.co/api/v2/pokemon/343/"
"344","claydol","https://pokeapi.co/api/v2/pokemon/344/"
"345","lileep","https://pokeapi.co/api/v2/pokemon/345/"
"346","cradily","https://pokeapi.co/api/v2/pokemon/346/"
"347","anorith","https://pokeapi.co/api/v2/pokemon/347/"
"348","armaldo","https://pokeapi.co/api/v2/pokemon/348/"
"349","feebas","https://pokeapi.co/api/v2/pokemon/349/"
"350","milotic","https://pokeapi.co/api/v2/pokemon/350/"
"351","castform","https://pokeapi.co/api/v2/pokemon/351/"
"352","kecleon","https://pokeapi.co/api/v2/pokemon/352/"
"353","shuppet","https://pokeapi.co/api/v2/pokemon/353/"
"354","banette","https://pokeapi.co/api/v2/pokemon/354/"
"355","duskull","https://pokeapi.co/api/v2/pokemon/355/"
"356","dusclops","https://pokeapi.co/api/v2/pokemon/356/"
"357","tropius","https://pokeapi.co/api/v2/pokemon/357/"
"358","chimecho","https://pokeapi.co/api/v2/pokemon/358/"
"359","absol","https://pokeapi.co/api/v2/pokemon/359/"
"360","wynaut","https://pokeapi.co/api/v2/pokemon/360/"
"361","snorunt","https://pokeapi.co/api/v2/pokemon/361/"
"362","glalie","https://pokeapi.co/api/v2/pokemon/362/"
"363","spheal","https://pokeapi.co/api/v2/pokemon/363/"
"364","sealeo","https://pokeapi.co/api/v2/pokemon/364/"
"365","walrein","https://pokeapi.co/api/v2/pokemon/365/"
"366","clamperl","https://pokeapi.co/api/v2/pokemon/366/"
"367","huntail","https://pokeapi.co/api/v2/pokemon/367/"
"368","gorebyss","https://pokeapi.co/api/v2/pokemon/368/"
"369","relicanth","https://pokeapi.co/api/v2/pokemon/369/"
"370","luvdisc","https://pokeapi.co/api/v2/pokemon/370/"
"371","bagon","https://pokeapi.co/api/v2/pokemon/371/"
"372","shelgon","https://pokeapi.co/api/v2/pokemon/372/"
"373","salamence","https://pokeapi.co/api/v2/pokemon/373/"
"374","beldum","https://pokeapi.co/api/v2/pokemon/374/"
"375","metang","https://pokeapi.co/api/v2/pokemon/375/"
"376","metagross","https://pokeapi.co/api/v2/pokemon/376/"
"377","regirock","https://pokeapi.co/api/v2/pokemon/377/"
"378","regice","https://pokeapi.co/api/v2/pokemon/378/"
"379","registeel","https://pokeapi.co/api/v2/pokemon/379/"
"380","latias","https://pokeapi.co/api/v2/pokemon/380/"
"381","latios","https://pokeapi.co/api/v2/pokemon/381/"
"382","kyogre","https://pokeapi.co/api/v2/pokemon/382/"
"383","groudon","https://pokeapi.co/api/v2/pokemon/383/"
"384","rayquaza","https://pokeapi.co/api/v2/pokemon/384/"
"385","jirachi","https://pokeapi.co/api/v2/pokemon/385/"
"386","deoxys-normal","https://pokeapi.co/api/v2/pokemon/386/"
"387","turtwig","https://pokeapi.co/api/v2/pokemon/387/"
"388","grotle","https://pokeapi.co/api/v2/pokemon/388/"
"389","torterra","https://pokeapi.co/api/v2/pokemon/389/"
"390","chimchar","https://pokeapi.co/api/v2/pokemon/390/"
"391","monferno","https://pokeapi.co/api/v2/pokemon/391/"
"392","infernape","https://pokeapi.co/api/v2/pokemon/392/"
"393","piplup","https://pokeapi.co/api/v2/pokemon/393/"
"394","prinplup","https://pokeapi.co/api/v2/pokemon/394/"
"395","empoleon","https://pokeapi.co/api/v2/pokemon/395/"
"396","starly","https://pokeapi.co/api/v2/pokemon/396/"
"397","staravia","https://pokeapi.co/api/v2/pokemon/397/"
"398","staraptor","https://pokeapi.co/api/v2/pokemon/398/"
"399","bidoof","https://pokeapi.co/api/v2/pokemon/399/"
"400","bibarel","https://pokeapi.co/api/v2/pokemon/400/"
"401","kricketot","https://pokeapi.co/api/v2/pokemon/401/"
"402","kricketune","https://pokeapi.co/api/v2/pokemon/402/"
"403","shinx","https://pokeapi.co/api/v2/pokemon/403/"
"404","luxio","https://pokeapi.co/api/v2/pokemon/404/"
"405","luxray","https://pokeapi.co/api/v2/pokemon/405/"
"406","budew","https://pokeapi.co/api/v2/pokemon/406/"
"407","roserade","https://pokeapi.co/api/v2/pokemon/407/"
"408","cranidos","https://pokeapi.co/api/v2/pokemon/408/"
"409","rampardos","https://pokeapi.co/api/v2/pokemon/409/"
"410","shieldon","https://pokeapi.co/api/v2/pokemon/410/"
"411","bastiodon","https://pokeapi.co/api/v2/pokemon/411/"
"412","burmy","https://pokeapi.co/api/v2/pokemon/412/"
"413","wormadam-plant","https://pokeapi.co/api/v2/pokemon/413/"
"414","mothim","https://pokeapi.co/api/v2/pokemon/414/"
"415","combee","https://pokeapi.co/api/v2/pokemon/415/"
"416","vespiquen","https://pokeapi.co/api/v2/pokemon/416/"
"417","pachirisu","https://pokeapi.co/api/v2/pokemon/417/"
"418","buizel","https://pokeapi.co/api/v2/pokemon/418/"
"419","floatzel","https://pokeapi.co/api/v2/pokemon/419/"
"420","cherubi","https://pokeapi.co/api/v2/pokemon/420/"
"421","cherrim","https://pokeapi.co/api/v2/pokemon/421/"
"422","shellos","https://pokeapi.co/api/v2/pokemon/422/"
"423","gastrodon","https://pokeapi.co/api/v2/pokemon/423/"
"424","ambipom","https://pokeapi.co/api/v2/pokemon/424/"
"425","drifloon","https://pokeapi.co/api/v2/pokemon/425/"
"426","drifblim","https://pokeapi.co/api/v2/pokemon/426/"
"427","buneary","https://pokeapi.co/api/v2/pokemon/427/"
"428","lopunny","https://pokeapi.co/api/v2/pokemon/428/"
"429","mismagius","https://pokeapi.co/api/v2/pokemon/429/"
"430","honchkrow","https://pokeapi.co/api/v2/pokemon/430/"
"431","glameow","https://pokeapi.co/api/v2/pokemon/431/"
"432","purugly","https://pokeapi.co/api/v2/pokemon/432/"
"433","chingling","https://pokeapi.co/api/v2/pokemon/433/"
"434","stunky","https://pokeapi.co/api/v2/pokemon/434/"
"435","skuntank","https://pokeapi.co/api/v2/pokemon/435/"
"436","bronzor","https://pokeapi.co/api/v2/pokemon/436/"
"437","bronzong","https://pokeapi.co/api/v2/pokemon/437/"
"438","bonsly","https://pokeapi.co/api/v2/pokemon/438/"
"439","mime-jr","https://pokeapi.co/api/v2/pokemon/439/"
"440","happiny","https://pokeapi.co/api/v2/pokemon/440/"
"441","chatot","https://pokeapi.co/api/v2/pokemon/441/"
"442","spiritomb","https://pokeapi.co/api/v2/pokemon/442/"
"443","gible","https://pokeapi.co/api/v2/pokemon/443/"
"444","gabite","https://pokeapi.co/api/v2/pokemon/444/"
"445","garchomp","https://pokeapi.co/api/v2/pokemon/445/"
"446","munchlax","https://pokeapi.co/api/v2/pokemon/446/"
"447","riolu","https://pokeapi.co/api/v2/pokemon/447/"
"448","lucario","https://pokeapi.co/api/v2/pokemon/448/"
"449","hippopotas","https://pokeapi.co/api/v2/pokemon/449/"
"450","hippowdon","https://pokeapi.co/api/v2/pokemon/450/"
"451","skorupi","https://pokeapi.co/api/v2/pokemon/451/"
"452","drapion","https://pokeapi.co/api/v2/pokemon/452/"
"453","croagunk","https://pokeapi.co/api/v2/pokemon/453/"
"454","toxicroak","https://pokeapi.co/api/v2/pokemon/454/"
"455","carnivine","https://pokeapi.co/api/v2/pokemon/455/"
"456","finneon","https://pokeapi.co/api/v2/pokemon/456/"
"457","lumineon","https://pokeapi.co/api/v2/pokemon/457/"
"458","mantyke","https://pokeapi.co/api/v2/pokemon/458/"
"459","snover","https://pokeapi.co/api/v2/pokemon/459/"
"460","abomasnow","https://pokeapi.co/api/v2/pokemon/460/"
"461","weavile","https://pokeapi.co/api/v2/pokemon/461/"
"462","magnezone","https://pokeapi.co/api/v2/pokemon/462/"
"463","lickilicky","https://pokeapi.co/api/v2/pokemon/463/"
"464","rhyperior","https://pokeapi.co/api/v2/pokemon/464/"
"465","tangrowth","https://pokeapi.co/api/v2/pokemon/465/"
"466","electivire","https://pokeapi.co/api/v2/pokemon/466/"
"467","magmortar","https://pokeapi.co/api/v2/pokemon/467/"
"468","togekiss","https://pokeapi.co/api/v2/pokemon/468/"
"469","yanmega","https://pokeapi.co/api/v2/pokemon/469/"
"470","leafeon","https://pokeapi.co/api/v2/pokemon/470/"
"471","glaceon","https://pokeapi.co/api/v2/pokemon/471/"
"472","gliscor","https://pokeapi.co/api/v2/pokemon/472/"
"473","mamoswine","https://pokeapi.co/api/v2/pokemon/473/"
"474","porygon-z","https://pokeapi.co/api/v2/pokemon/474/"
"475","gallade","https://pokeapi.co/api/v2/pokemon/475/"
"476","probopass","https://pokeapi.co/api/v2/pokemon/476/"
"477","dusknoir","https://pokeapi.co/api/v2/pokemon/477/"
"478","froslass","https://pokeapi.co/api/v2/pokemon/478/"
"479","rotom","https://pokeapi.co/api/v2/pokemon/479/"
"480","uxie","https://pokeapi.co/api/v2/pokemon/480/"
"481","mesprit","https://pokeapi.co/api/v2/pokemon/481/"
"482","azelf","https://pokeapi.co/api/v2/pokemon/482/"
"483","dialga","https://pokeapi.co/api/v2/pokemon/483/"
"484","palkia","https://pokeapi.co/api/v2/pokemon/484/"
"485","heatran","https://pokeapi.co/api/v2/pokemon/485/"
"486","regigigas","https://pokeapi.co/api/v2/pokemon/486/"
"487","giratina-altered","https://pokeapi.co/api/v2/pokemon/487/"
"488","cresselia","https://pokeapi.co/api/v2/pokemon/488/"
"489","phione","https://pokeapi.co/api/v2/pokemon/489/"
"490","manaphy","https://pokeapi.co/api/v2/pokemon/490/"
"491","darkrai","https://pokeapi.co/api/v2/pokemon/491/"
"492","shaymin-land","https://pokeapi.co/api/v2/pokemon/492/"
"493","arceus","https://pokeapi.co/api/v2/pokemon/493/"
"494","victini","https://pokeapi.co/api/v2/pokemon/494/"
"495","snivy","https://pokeapi.co/api/v2/pokemon/495/"
"496","servine","https://pokeapi.co/api/v2/pokemon/496/"
"497","serperior","https://pokeapi.co/api/v2/pokemon/497/"
"498","tepig","https://pokeapi.co/api/v2/pokemon/498/"
"499","pignite","https://pokeapi.co/api/v2/pokemon/499/"
"500","emboar","https://pokeapi.co/api/v2/pokemon/500/"
"501","oshawott","https://pokeapi.co/api/v2/pokemon/501/"
"502","dewott","https://pokeapi.co/api/v2/pokemon/502/"
"503","samurott","https://pokeapi.co/api/v2/pokemon/503/"
"504","patrat","https://pokeapi.co/api/v2/pokemon/504/"
"505","watchog","https://pokeapi.co/api/v2/pokemon/505/"
"506","lillipup","https://pokeapi.co/api/v2/pokemon/506/"
"507","herdier","https://pokeapi.co/api/v2/pokemon/507/"
"508","stoutland","https://pokeapi.co/api/v2/pokemon/508/"
"509","purrloin","https://pokeapi.co/api/v2/pokemon/509/"
"510","liepard","https://pokeapi.co/api/v2/pokemon/510/"
"511","pansage","https://pokeapi.co/api/v2/pokemon/511/"
"512","simisage","https://pokeapi.co/api/v2/pokemon/512/"
"513","pansear","https://pokeapi.co/api/v2/pokemon/513/"
"514","simisear","https://pokeapi.co/api/v2/pokemon/514/"
"515","panpour","https://pokeapi.co/api/v2/pokemon/515/"
"516","simipour","https://pokeapi.co/api/v2/pokemon/516/"
"517","munna","https://pokeapi.co/api/v2/pokemon/517/"
"518","musharna","https://pokeapi.co/api/v2/pokemon/518/"
"519","pidove","https://pokeapi.co/api/v2/pokemon/519/"
"520","tranquill","https://pokeapi.co/api/v2/pokemon/520/"
"521","unfezant","https://pokeapi.co/api/v2/pokemon/521/"
"522","blitzle","https://pokeapi.co/api/v2/pokemon/522/"
"523","zebstrika","https://pokeapi.co/api/v2/pokemon/523/"
"524","roggenrola","https://pokeapi.co/api/v2/pokemon/524/"
"525","boldore","https://pokeapi.co/api/v2/pokemon/525/"
"526","gigalith","https://pokeapi.co/api/v2/pokemon/526/"
"527","woobat","https://pokeapi.co/api/v2/pokemon/527/"
"528","swoobat","https://pokeapi.co/api/v2/pokemon/528/"
"529","drilbur","https://pokeapi.co/api/v2/pokemon/529/"
"530","excadrill","https://pokeapi.co/api/v2/pokemon/530/"
"531","audino","https://pokeapi.co/api/v2/pokemon/531/"
"532","timburr","https://pokeapi.co/api/v2/pokemon/532/"
"533","gurdurr","https://pokeapi.co/api/v2/pokemon/533/"
"534","conkeldurr","https://pokeapi.co/api/v2/pokemon/534/"
"535","tympole","https://pokeapi.co/api/v2/pokemon/535/"
"536","palpitoad","https://pokeapi.co/api/v2/pokemon/536/"
"537","seismitoad","https://pokeapi.co/api/v2/pokemon/537/"
"538","throh","https://pokeapi.co/api/v2/pokemon/538/"
"539","sawk","https://pokeapi.co/api/v2/pokemon/539/"
"540","sewaddle","https://pokeapi.co/api/v2/pokemon/540/"
"541","swadloon","https://pokeapi.co/api/v2/pokemon/541/"
"542","leavanny","https://pokeapi.co/api/v2/pokemon/542/"
"543","venipede","https://pokeapi.co/api/v2/pokemon/543/"
"544","whirlipede","https://pokeapi.co/api/v2/pokemon/544/"
"545","scolipede","https://pokeapi.co/api/v2/pokemon/545/"
"546","cottonee","https://pokeapi.co/api/v2/pokemon/546/"
"547","whimsicott","https://pokeapi.co/api/v2/pokemon/547/"
"548","petilil","https://pokeapi.co/api/v2/pokemon/548/"
"549","lilligant","https://pokeapi.co/api/v2/pokemon/549/"
"550","basculin-red-striped","https://pokeapi.co/api/v2/pokemon/550/"
"551","sandile","https://pokeapi.co/api/v2/pokemon/551/"
"552","krokorok","https://pokeapi.co/api/v2/pokemon/552/"
"553","krookodile","https://pokeapi.co/api/v2/pokemon/553/"
"554","darumaka","https://pokeapi.co/api/v2/pokemon/554/"
"555","darmanitan-standard","https://pokeapi.co/api/v2/pokemon/555/"
"556","maractus","https://pokeapi.co/api/v2/pokemon/556/"
"557","dwebble","https://pokeapi.co/api/v2/pokemon/557/"
"558","crustle","https://pokeapi.co/api/v2/pokemon/558/"
"559","scraggy","https://pokeapi.co/api/v2/pokemon/559/"
"560","scrafty","https://pokeapi.co/api/v2/pokemon/560/"
"561","sigilyph","https://pokeapi.co/api/v2/pokemon/561/"
"562","yamask","https://pokeapi.co/api/v2/pokemon/562/"
"563","cofagrigus","https://pokeapi.co/api/v2/pokemon/563/"
"564","tirtouga","https://pokeapi.co/api/v2/pokemon/564/"
"565","carracosta","https://pokeapi.co/api/v2/pokemon/565/"
"566","archen","https://pokeapi.co/api/v2/pokemon/566/"
"567","archeops","https://pokeapi.co/api/v2/pokemon/567/"
"568","trubbish","https://pokeapi.co/api/v2/pokemon/568/"
"569","garbodor","https://pokeapi.co/api/v2/pokemon/569/"
"570","zorua","https://pokeapi.co/api/v2/pokemon/570/"
"571","zoroark","https://pokeapi.co/api/v2/pokemon/571/"
"572","minccino","https://pokeapi.co/api/v2/pokemon/572/"
"573","cinccino","https://pokeapi.co/api/v2/pokemon/573/"
"574","gothita","https://pokeapi.co/api/v2/pokemon/574/"
"575","gothorita","https://pokeapi.co/api/v2/pokemon/575/"
"576","gothitelle","https://pokeapi.co/api/v2/pokemon/576/"
"577","solosis","https://pokeapi.co/api/v2/pokemon/577/"
"578","duosion","https://pokeapi.co/api/v2/pokemon/578/"
"579","reuniclus","https://pokeapi.co/api/v2/pokemon/579/"
"580","ducklett","https://pokeapi.co/api/v2/pokemon/580/"
"581","swanna","https://pokeapi.co/api/v2/pokemon/581/"
"582","vanillite","https://pokeapi.co/api/v2/pokemon/582/"
"583","vanillish","https://pokeapi.co/api/v2/pokemon/583/"
"584","vanilluxe","https://pokeapi.co/api/v2/pokemon/584/"
"585","deerling","https://pokeapi.co/api/v2/pokemon/585/"
"586","sawsbuck","https://pokeapi.co/api/v2/pokemon/586/"
"587","emolga","https://pokeapi.co/api/v2/pokemon/587/"
"588","karrablast","https://pokeapi.co/api/v2/pokemon/588/"
"589","escavalier","https://pokeapi.co/api/v2/pokemon/589/"
"590","foongus","https://pokeapi.co/api/v2/pokemon/590/"
"591","amoonguss","https://pokeapi.co/api/v2/pokemon/591/"
"592","frillish","https://pokeapi.co/api/v2/pokemon/592/"
"593","jellicent","https://pokeapi.co/api/v2/pokemon/593/"
"594","alomomola","https://pokeapi.co/api/v2/pokemon/594/"
"595","joltik","https://pokeapi.co/api/v2/pokemon/595/"
"596","galvantula","https://pokeapi.co/api/v2/pokemon/596/"
"597","ferroseed","https://pokeapi.co/api/v2/pokemon/597/"
"598","ferrothorn","https://pokeapi.co/api/v2/pokemon/598/"
"599","klink","https://pokeapi.co/api/v2/pokemon/599/"
"600","klang","https://pokeapi.co/api/v2/pokemon/600/"
"601","klinklang","https://pokeapi.co/api/v2/pokemon/601/"
"602","tynamo","https://pokeapi.co/api/v2/pokemon/602/"
"603","eelektrik","https://pokeapi.co/api/v2/pokemon/603/"
"604","eelektross","https://pokeapi.co/api/v2/pokemon/604/"
"605","elgyem","https://pokeapi.co/api/v2/pokemon/605/"
"606","beheeyem","https://pokeapi.co/api/v2/pokemon/606/"
"607","litwick","https://pokeapi.co/api/v2/pokemon/607/"
"608","lampent","https://pokeapi.co/api/v2/pokemon/608/"
"609","chandelure","https://pokeapi.co/api/v2/pokemon/609/"
"610","axew","https://pokeapi.co/api/v2/pokemon/610/"
"611","fraxure","https://pokeapi.co/api/v2/pokemon/611/"
"612","haxorus","https://pokeapi.co/api/v2/pokemon/612/"
"613","cubchoo","https://pokeapi.co/api/v2/pokemon/613/"
"614","beartic","https://pokeapi.co/api/v2/pokemon/614/"
"615","cryogonal","https://pokeapi.co/api/v2/pokemon/615/"
"616","shelmet","https://pokeapi.co/api/v2/pokemon/616/"
"617","accelgor","https://pokeapi.co/api/v2/pokemon/617/"
"618","stunfisk","https://pokeapi.co/api/v2/pokemon/618/"
"619","mienfoo","https://pokeapi.co/api/v2/pokemon/619/"
"620","mienshao","https://pokeapi.co/api/v2/pokemon/620/"
"621","druddigon","https://pokeapi.co/api/v2/pokemon/621/"
"622","golett","https://pokeapi.co/api/v2/pokemon/622/"
"623","golurk","https://pokeapi.co/api/v2/pokemon/623/"
"624","pawniard","https://pokeapi.co/api/v2/pokemon/624/"
"625","bisharp","https://pokeapi.co/api/v2/pokemon/625/"
"626","bouffalant","https://pokeapi.co/api/v2/pokemon/626/"
"627","rufflet","https://pokeapi.co/api/v2/pokemon/627/"
"628","braviary","https://pokeapi.co/api/v2/pokemon/628/"
"629","vullaby","https://pokeapi.co/api/v2/pokemon/629/"
"630","mandibuzz","https://pokeapi.co/api/v2/pokemon/630/"
"631","heatmor","https://pokeapi.co/api/v2/pokemon/631/"
"632","durant","https://pokeapi.co/api/v2/pokemon/632/"
"633","deino","https://pokeapi.co/api/v2/pokemon/633/"
"634","zweilous","https://pokeapi.co/api/v2/pokemon/634/"
"635","hydreigon","https://pokeapi.co/api/v2/pokemon/635/"
"636","larvesta","https://pokeapi.co/api/v2/pokemon/636/"
"637","volcarona","https://pokeapi.co/api/v2/pokemon/637/"
"638","cobalion","https://pokeapi.co/api/v2/pokemon/638/"
"639","terrakion","https://pokeapi.co/api/v2/pokemon/639/"
"640","virizion","https://pokeapi.co/api/v2/pokemon/640/"
"641","tornadus-incarnate","https://pokeapi.co/api/v2/pokemon/641/"
"642","thundurus-incarnate","https://pokeapi.co/api/v2/pokemon/642/"
"643","reshiram","https://pokeapi.co/api/v2/pokemon/643/"
"644","zekrom","https://pokeapi.co/api/v2/pokemon/644/"
"645","landorus-incarnate","https://pokeapi.co/api/v2/pokemon/645/"
"646","kyurem","https://pokeapi.co/api/v2/pokemon/646/"
"647","keldeo-ordinary","https://pokeapi.co/api/v2/pokemon/647/"
"648","meloetta-aria","https://pokeapi.co/api/v2/pokemon/648/"
"649","genesect","https://pokeapi.co/api/v2/pokemon/649/"
"650","chespin","https://pokeapi.co/api/v2/pokemon/650/"
"651","quilladin","https://pokeapi.co/api/v2/pokemon/651/"
"652","chesnaught","https://pokeapi.co/api/v2/pokemon/652/"
"653","fennekin","https://pokeapi.co/api/v2/pokemon/653/"
"654","braixen","https://pokeapi.co/api/v2/pokemon/654/"
"655","delphox","https://pokeapi.co/api/v2/pokemon/655/"
"656","froakie","https://pokeapi.co/api/v2/pokemon/656/"
"657","frogadier","https://pokeapi.co/api/v2/pokemon/657/"
"658","greninja","https://pokeapi.co/api/v2/pokemon/658/"
"659","bunnelby","https://pokeapi.co/api/v2/pokemon/659/"
"660","diggersby","https://pokeapi.co/api/v2/pokemon/660/"
"661","fletchling","https://pokeapi.co/api/v2/pokemon/661/"
"662","fletchinder","https://pokeapi.co/api/v2/pokemon/662/"
"663","talonflame","https://pokeapi.co/api/v2/pokemon/663/"
"664","scatterbug","https://pokeapi.co/api/v2/pokemon/664/"
"665","spewpa","https://pokeapi.co/api/v2/pokemon/665/"
"666","vivillon","https://pokeapi.co/api/v2/pokemon/666/"
"667","litleo","https://pokeapi.co/api/v2/pokemon/667/"
"668","pyroar","https://pokeapi.co/api/v2/pokemon/668/"
"669","flabebe","https://pokeapi.co/api/v2/pokemon/669/"
"670","floette","https://pokeapi.co/api/v2/pokemon/670/"
"671","florges","https://pokeapi.co/api/v2/pokemon/671/"
"672","skiddo","https://pokeapi.co/api/v2/pokemon/672/"
"673","gogoat","https://pokeapi.co/api/v2/pokemon/673/"
"674","pancham","https://pokeapi.co/api/v2/pokemon/674/"
"675","pangoro","https://pokeapi.co/api/v2/pokemon/675/"
"676","furfrou","https://pokeapi.co/api/v2/pokemon/676/"
"677","espurr","https://pokeapi.co/api/v2/pokemon/677/"
"678","meowstic-male","https://pokeapi.co/api/v2/pokemon/678/"
"679","honedge","https://pokeapi.co/api/v2/pokemon/679/"
"680","doublade","https://pokeapi.co/api/v2/pokemon/680/"
"681","aegislash-shield","https://pokeapi.co/api/v2/pokemon/681/"
"682","spritzee","https://pokeapi.co/api/v2/pokemon/682/"
"683","aromatisse","https://pokeapi.co/api/v2/pokemon/683/"
"684","swirlix","https://pokeapi.co/api/v2/pokemon/684/"
"685","slurpuff","https://pokeapi.co/api/v2/pokemon/685/"
"686","inkay","https://pokeapi.co/api/v2/pokemon/686/"
"687","malamar","https://pokeapi.co/api/v2/pokemon/687/"
"688","binacle","https://pokeapi.co/api/v2/pokemon/688/"
"689","barbaracle","https://pokeapi.co/api/v2/pokemon/689/"
"690","skrelp","https://pokeapi.co/api/v2/pokemon/690/"
"691","dragalge","https://pokeapi.co/api/v2/pokemon/691/"
"692","clauncher","https://pokeapi.co/api/v2/pokemon/692/"
"693","clawitzer","https://pokeapi.co/api/v2/pokemon/693/"
"694","helioptile","https://pokeapi.co/api/v2/pokemon/694/"
"695","heliolisk","https://pokeapi.co/api/v2/pokemon/695/"
"696","tyrunt","https://pokeapi.co/api/v2/pokemon/696/"
"697","tyrantrum","https://pokeapi.co/api/v2/pokemon/697/"
"698","amaura","https://pokeapi.co/api/v2/pokemon/698/"
"699","aurorus","https://pokeapi.co/api/v2/pokemon/699/"
"700","sylveon","https://pokeapi.co/api/v2/pokemon/700/"
"701","hawlucha","https://pokeapi.co/api/v2/pokemon/701/"
"702","dedenne","https://pokeapi.co/api/v2/pokemon/702/"
"703","carbink","https://pokeapi.co/api/v2/pokemon/703/"
"704","goomy","https://pokeapi.co/api/v2/pokemon/704/"
"705","sliggoo","https://pokeapi.co/api/v2/pokemon/705/"
"706","goodra","https://pokeapi.co/api/v2/pokemon/706/"
"707","klefki","https://pokeapi.co/api/v2/pokemon/707/"
"708","phantump","https://pokeapi.co/api/v2/pokemon/708/"
"709","trevenant","https://pokeapi.co/api/v2/pokemon/709/"
"710","pumpkaboo-average","https://pokeapi.co/api/v2/pokemon/710/"
"711","gourgeist-average","https://pokeapi.co/api/v2/pokemon/711/"
"712","bergmite","https://pokeapi.co/api/v2/pokemon/712/"
"713","avalugg","https://pokeapi.co/api/v2/pokemon/713/"
"714","noibat","https://pokeapi.co/api/v2/pokemon/714/"
"715","noivern","https://pokeapi.co/api/v2/pokemon/715/"
"716","xerneas","https://pokeapi.co/api/v2/pokemon/716/"
"717","yveltal","https://pokeapi.co/api/v2/pokemon/717/"
"718","zygarde","https://pokeapi.co/api/v2/pokemon/718/"
"719","diancie","https://pokeapi.co/api/v2/pokemon/719/"
"720","hoopa","https://pokeapi.co/api/v2/pokemon/720/"
"721","volcanion","https://pokeapi.co/api/v2/pokemon/721/"
"722","rowlet","https://pokeapi.co/api/v2/pokemon/722/"
"723","dartrix","https://pokeapi.co/api/v2/pokemon/723/"
"724","decidueye","https://pokeapi.co/api/v2/pokemon/724/"
"725","litten","https://pokeapi.co/api/v2/pokemon/725/"
"726","torracat","https://pokeapi.co/api/v2/pokemon/726/"
"727","incineroar","https://pokeapi.co/api/v2/pokemon/727/"
"728","popplio","https://pokeapi.co/api/v2/pokemon/728/"
"729","brionne","https://pokeapi.co/api/v2/pokemon/729/"
"730","primarina","https://pokeapi.co/api/v2/pokemon/730/"
"731","pikipek","https://pokeapi.co/api/v2/pokemon/731/"
"732","trumbeak","https://pokeapi.co/api/v2/pokemon/732/"
"733","toucannon","https://pokeapi.co/api/v2/pokemon/733/"
"734","yungoos","https://pokeapi.co/api/v2/pokemon/734/"
"735","gumshoos","https://pokeapi.co/api/v2/pokemon/735/"
"736","grubbin","https://pokeapi.co/api/v2/pokemon/736/"
"737","charjabug","https://pokeapi.co/api/v2/pokemon/737/"
"738","vikavolt","https://pokeapi.co/api/v2/pokemon/738/"
"739","crabrawler","https://pokeapi.co/api/v2/pokemon/739/"
"740","crabominable","https://pokeapi.co/api/v2/pokemon/740/"
"741","oricorio-baile","https://pokeapi.co/api/v2/pokemon/741/"
"742","cutiefly","https://pokeapi.co/api/v2/pokemon/742/"
"743","ribombee","https://pokeapi.co/api/v2/pokemon/743/"
"744","rockruff","https://pokeapi.co/api/v2/pokemon/744/"
"745","lycanroc-midday","https://pokeapi.co/api/v2/pokemon/745/"
"746","wishiwashi-solo","https://pokeapi.co/api/v2/pokemon/746/"
"747","mareanie","https://pokeapi.co/api/v2/pokemon/747/"
"748","toxapex","https://pokeapi.co/api/v2/pokemon/748/"
"749","mudbray","https://pokeapi.co/api/v2/pokemon/749/"
"750","mudsdale","https://pokeapi.co/api/v2/pokemon/750/"
"751","dewpider","https://pokeapi.co/api/v2/pokemon/751/"
"752","araquanid","https://pokeapi.co/api/v2/pokemon/752/"
"753","fomantis","https://pokeapi.co/api/v2/pokemon/753/"
"754","lurantis","https://pokeapi.co/api/v2/pokemon/754/"
"755","morelull","https://pokeapi.co/api/v2/pokemon/755/"
"756","shiinotic","https://pokeapi.co/api/v2/pokemon/756/"
"757","salandit","https://pokeapi.co/api/v2/pokemon/757/"
"758","salazzle","https://pokeapi.co/api/v2/pokemon/758/"
"759","stufful","https://pokeapi.co/api/v2/pokemon/759/"
"760","bewear","https://pokeapi.co/api/v2/pokemon/760/"
"761","bounsweet","https://pokeapi.co/api/v2/pokemon/761/"
"762","steenee","https://pokeapi.co/api/v2/pokemon/762/"
"763","tsareena","https://pokeapi.co/api/v2/pokemon/763/"
"764","comfey","https://pokeapi.co/api/v2/pokemon/764/"
"765","oranguru","https://pokeapi.co/api/v2/pokemon/765/"
"766","passimian","https://pokeapi.co/api/v2/pokemon/766/"
"767","wimpod","https://pokeapi.co/api/v2/pokemon/767/"
"768","golisopod","https://pokeapi.co/api/v2/pokemon/768/"
"769","sandygast","https://pokeapi.co/api/v2/pokemon/769/"
"770","palossand","https://pokeapi.co/api/v2/pokemon/770/"
"771","pyukumuku","https://pokeapi.co/api/v2/pokemon/771/"
"772","type-null","https://pokeapi.co/api/v2/pokemon/772/"
"773","silvally","https://pokeapi.co/api/v2/pokemon/773/"
"774","minior-red-meteor","https://pokeapi.co/api/v2/pokemon/774/"
"775","komala","https://pokeapi.co/api/v2/pokemon/775/"
"776","turtonator","https://pokeapi.co/api/v2/pokemon/776/"
"777","togedemaru","https://pokeapi.co/api/v2/pokemon/777/"
"778","mimikyu-disguised","https://pokeapi.co/api/v2/pokemon/778/"
"779","bruxish","https://pokeapi.co/api/v2/pokemon/779/"
"780","drampa","https://pokeapi.co/api/v2/pokemon/780/"
"781","dhelmise","https://pokeapi.co/api/v2/pokemon/781/"
"782","jangmo-o","https://pokeapi.co/api/v2/pokemon/782/"
"783","hakamo-o","https://pokeapi.co/api/v2/pokemon/783/"
"784","kommo-o","https://pokeapi.co/api/v2/pokemon/784/"
"785","tapu-koko","https://pokeapi.co/api/v2/pokemon/785/"
"786","tapu-lele","https://pokeapi.co/api/v2/pokemon/786/"
"787","tapu-bulu","https://pokeapi.co/api/v2/pokemon/787/"
"788","tapu-fini","https://pokeapi.co/api/v2/pokemon/788/"
"789","cosmog","https://pokeapi.co/api/v2/pokemon/789/"
"790","cosmoem","https://pokeapi.co/api/v2/pokemon/790/"
"791","solgaleo","https://pokeapi.co/api/v2/pokemon/791/"
"792","lunala","https://pokeapi.co/api/v2/pokemon/792/"
"793","nihilego","https://pokeapi.co/api/v2/pokemon/793/"
"794","buzzwole","https://pokeapi.co/api/v2/pokemon/794/"
"795","pheromosa","https://pokeapi.co/api/v2/pokemon/795/"
"796","xurkitree","https://pokeapi.co/api/v2/pokemon/796/"
"797","celesteela","https://pokeapi.co/api/v2/pokemon/797/"
"798","kartana","https://pokeapi.co/api/v2/pokemon/798/"
"799","guzzlord","https://pokeapi.co/api/v2/pokemon/799/"
"800","necrozma","https://pokeapi.co/api/v2/pokemon/800/"
"801","magearna","https://pokeapi.co/api/v2/pokemon/801/"
"802","marshadow","https://pokeapi.co/api/v2/pokemon/802/"
"803","poipole","https://pokeapi.co/api/v2/pokemon/803/"
"804","naganadel","https://pokeapi.co/api/v2/pokemon/804/"
"805","stakataka","https://pokeapi.co/api/v2/pokemon/805/"
"806","blacephalon","https://pokeapi.co/api/v2/pokemon/806/"
"807","zeraora","https://pokeapi.co/api/v2/pokemon/807/"
"808","deoxys-attack","https://pokeapi.co/api/v2/pokemon/10001/"
"809","deoxys-defense","https://pokeapi.co/api/v2/pokemon/10002/"
"810","deoxys-speed","https://pokeapi.co/api/v2/pokemon/10003/"
"811","wormadam-sandy","https://pokeapi.co/api/v2/pokemon/10004/"
"812","wormadam-trash","https://pokeapi.co/api/v2/pokemon/10005/"
"813","shaymin-sky","https://pokeapi.co/api/v2/pokemon/10006/"
"814","giratina-origin","https://pokeapi.co/api/v2/pokemon/10007/"
"815","rotom-heat","https://pokeapi.co/api/v2/pokemon/10008/"
"816","rotom-wash","https://pokeapi.co/api/v2/pokemon/10009/"
"817","rotom-frost","https://pokeapi.co/api/v2/pokemon/10010/"
"818","rotom-fan","https://pokeapi.co/api/v2/pokemon/10011/"
"819","rotom-mow","https://pokeapi.co/api/v2/pokemon/10012/"
"820","castform-sunny","https://pokeapi.co/api/v2/pokemon/10013/"
"821","castform-rainy","https://pokeapi.co/api/v2/pokemon/10014/"
"822","castform-snowy","https://pokeapi.co/api/v2/pokemon/10015/"
"823","basculin-blue-striped","https://pokeapi.co/api/v2/pokemon/10016/"
"824","darmanitan-zen","https://pokeapi.co/api/v2/pokemon/10017/"
"825","meloetta-pirouette","https://pokeapi.co/api/v2/pokemon/10018/"
"826","tornadus-therian","https://pokeapi.co/api/v2/pokemon/10019/"
"827","thundurus-therian","https://pokeapi.co/api/v2/pokemon/10020/"
"828","landorus-therian","https://pokeapi.co/api/v2/pokemon/10021/"
"829","kyurem-black","https://pokeapi.co/api/v2/pokemon/10022/"
"830","kyurem-white","https://pokeapi.co/api/v2/pokemon/10023/"
"831","keldeo-resolute","https://pokeapi.co/api/v2/pokemon/10024/"
"832","meowstic-female","https://pokeapi.co/api/v2/pokemon/10025/"
"833","aegislash-blade","https://pokeapi.co/api/v2/pokemon/10026/"
"834","pumpkaboo-small","https://pokeapi.co/api/v2/pokemon/10027/"
"835","pumpkaboo-large","https://pokeapi.co/api/v2/pokemon/10028/"
"836","pumpkaboo-super","https://pokeapi.co/api/v2/pokemon/10029/"
"837","gourgeist-small","https://pokeapi.co/api/v2/pokemon/10030/"
"838","gourgeist-large","https://pokeapi.co/api/v2/pokemon/10031/"
"839","gourgeist-super","https://pokeapi.co/api/v2/pokemon/10032/"
"840","venusaur-mega","https://pokeapi.co/api/v2/pokemon/10033/"
"841","charizard-mega-x","https://pokeapi.co/api/v2/pokemon/10034/"
"842","charizard-mega-y","https://pokeapi.co/api/v2/pokemon/10035/"
"843","blastoise-mega","https://pokeapi.co/api/v2/pokemon/10036/"
"844","alakazam-mega","https://pokeapi.co/api/v2/pokemon/10037/"
"845","gengar-mega","https://pokeapi.co/api/v2/pokemon/10038/"
"846","kangaskhan-mega","https://pokeapi.co/api/v2/pokemon/10039/"
"847","pinsir-mega","https://pokeapi.co/api/v2/pokemon/10040/"
"848","gyarados-mega","https://pokeapi.co/api/v2/pokemon/10041/"
"849","aerodactyl-mega","https://pokeapi.co/api/v2/pokemon/10042/"
"850","mewtwo-mega-x","https://pokeapi.co/api/v2/pokemon/10043/"
"851","mewtwo-mega-y","https://pokeapi.co/api/v2/pokemon/10044/"
"852","ampharos-mega","https://pokeapi.co/api/v2/pokemon/10045/"
"853","scizor-mega","https://pokeapi.co/api/v2/pokemon/10046/"
"854","heracross-mega","https://pokeapi.co/api/v2/pokemon/10047/"
"855","houndoom-mega","https://pokeapi.co/api/v2/pokemon/10048/"
"856","tyranitar-mega","https://pokeapi.co/api/v2/pokemon/10049/"
"857","blaziken-mega","https://pokeapi.co/api/v2/pokemon/10050/"
"858","gardevoir-mega","https://pokeapi.co/api/v2/pokemon/10051/"
"859","mawile-mega","https://pokeapi.co/api/v2/pokemon/10052/"
"860","aggron-mega","https://pokeapi.co/api/v2/pokemon/10053/"
"861","medicham-mega","https://pokeapi.co/api/v2/pokemon/10054/"
"862","manectric-mega","https://pokeapi.co/api/v2/pokemon/10055/"
"863","banette-mega","https://pokeapi.co/api/v2/pokemon/10056/"
"864","absol-mega","https://pokeapi.co/api/v2/pokemon/10057/"
"865","garchomp-mega","https://pokeapi.co/api/v2/pokemon/10058/"
"866","lucario-mega","https://pokeapi.co/api/v2/pokemon/10059/"
"867","abomasnow-mega","https://pokeapi.co/api/v2/pokemon/10060/"
"868","floette-eternal","https://pokeapi.co/api/v2/pokemon/10061/"
"869","latias-mega","https://pokeapi.co/api/v2/pokemon/10062/"
"870","latios-mega","https://pokeapi.co/api/v2/pokemon/10063/"
"871","swampert-mega","https://pokeapi.co/api/v2/pokemon/10064/"
"872","sceptile-mega","https://pokeapi.co/api/v2/pokemon/10065/"
"873","sableye-mega","https://pokeapi.co/api/v2/pokemon/10066/"
"874","altaria-mega","https://pokeapi.co/api/v2/pokemon/10067/"
"875","gallade-mega","https://pokeapi.co/api/v2/pokemon/10068/"
"876","audino-mega","https://pokeapi.co/api/v2/pokemon/10069/"
"877","sharpedo-mega","https://pokeapi.co/api/v2/pokemon/10070/"
"878","slowbro-mega","https://pokeapi.co/api/v2/pokemon/10071/"
"879","steelix-mega","https://pokeapi.co/api/v2/pokemon/10072/"
"880","pidgeot-mega","https://pokeapi.co/api/v2/pokemon/10073/"
"881","glalie-mega","https://pokeapi.co/api/v2/pokemon/10074/"
"882","diancie-mega","https://pokeapi.co/api/v2/pokemon/10075/"
"883","metagross-mega","https://pokeapi.co/api/v2/pokemon/10076/"
"884","kyogre-primal","https://pokeapi.co/api/v2/pokemon/10077/"
"885","groudon-primal","https://pokeapi.co/api/v2/pokemon/10078/"
"886","rayquaza-mega","https://pokeapi.co/api/v2/pokemon/10079/"
"887","pikachu-rock-star","https://pokeapi.co/api/v2/pokemon/10080/"
"888","pikachu-belle","https://pokeapi.co/api/v2/pokemon/10081/"
"889","pikachu-pop-star","https://pokeapi.co/api/v2/pokemon/10082/"
"890","pikachu-phd","https://pokeapi.co/api/v2/pokemon/10083/"
"891","pikachu-libre","https://pokeapi.co/api/v2/pokemon/10084/"
"892","pikachu-cosplay","https://pokeapi.co/api/v2/pokemon/10085/"
"893","hoopa-unbound","https://pokeapi.co/api/v2/pokemon/10086/"
"894","camerupt-mega","https://pokeapi.co/api/v2/pokemon/10087/"
"895","lopunny-mega","https://pokeapi.co/api/v2/pokemon/10088/"
"896","salamence-mega","https://pokeapi.co/api/v2/pokemon/10089/"
"897","beedrill-mega","https://pokeapi.co/api/v2/pokemon/10090/"
"898","rattata-alola","https://pokeapi.co/api/v2/pokemon/10091/"
"899","raticate-alola","https://pokeapi.co/api/v2/pokemon/10092/"
"900","raticate-totem-alola","https://pokeapi.co/api/v2/pokemon/10093/"
"901","pikachu-original-cap","https://pokeapi.co/api/v2/pokemon/10094/"
"902","pikachu-hoenn-cap","https://pokeapi.co/api/v2/pokemon/10095/"
"903","pikachu-sinnoh-cap","https://pokeapi.co/api/v2/pokemon/10096/"
"904","pikachu-unova-cap","https://pokeapi.co/api/v2/pokemon/10097/"
"905","pikachu-kalos-cap","https://pokeapi.co/api/v2/pokemon/10098/"
"906","pikachu-alola-cap","https://pokeapi.co/api/v2/pokemon/10099/"
"907","raichu-alola","https://pokeapi.co/api/v2/pokemon/10100/"
"908","sandshrew-alola","https://pokeapi.co/api/v2/pokemon/10101/"
"909","sandslash-alola","https://pokeapi.co/api/v2/pokemon/10102/"
"910","vulpix-alola","https://pokeapi.co/api/v2/pokemon/10103/"
"911","ninetales-alola","https://pokeapi.co/api/v2/pokemon/10104/"
"912","diglett-alola","https://pokeapi.co/api/v2/pokemon/10105/"
"913","dugtrio-alola","https://pokeapi.co/api/v2/pokemon/10106/"
"914","meowth-alola","https://pokeapi.co/api/v2/pokemon/10107/"
"915","persian-alola","https://pokeapi.co/api/v2/pokemon/10108/"
"916","geodude-alola","https://pokeapi.co/api/v2/pokemon/10109/"
"917","graveler-alola","https://pokeapi.co/api/v2/pokemon/10110/"
"918","golem-alola","https://pokeapi.co/api/v2/pokemon/10111/"
"919","grimer-alola","https://pokeapi.co/api/v2/pokemon/10112/"
"920","muk-alola","https://pokeapi.co/api/v2/pokemon/10113/"
"921","exeggutor-alola","https://pokeapi.co/api/v2/pokemon/10114/"
"922","marowak-alola","https://pokeapi.co/api/v2/pokemon/10115/"
"923","greninja-battle-bond","https://pokeapi.co/api/v2/pokemon/10116/"
"924","greninja-ash","https://pokeapi.co/api/v2/pokemon/10117/"
"925","zygarde-10","https://pokeapi.co/api/v2/pokemon/10118/"
"926","zygarde-50","https://pokeapi.co/api/v2/pokemon/10119/"
"927","zygarde-complete","https://pokeapi.co/api/v2/pokemon/10120/"
"928","gumshoos-totem","https://pokeapi.co/api/v2/pokemon/10121/"
"929","vikavolt-totem","https://pokeapi.co/api/v2/pokemon/10122/"
"930","oricorio-pom-pom","https://pokeapi.co/api/v2/pokemon/10123/"
"931","oricorio-pau","https://pokeapi.co/api/v2/pokemon/10124/"
"932","oricorio-sensu","https://pokeapi.co/api/v2/pokemon/10125/"
"933","lycanroc-midnight","https://pokeapi.co/api/v2/pokemon/10126/"
"934","wishiwashi-school","https://pokeapi.co/api/v2/pokemon/10127/"
"935","lurantis-totem","https://pokeapi.co/api/v2/pokemon/10128/"
"936","salazzle-totem","https://pokeapi.co/api/v2/pokemon/10129/"
"937","minior-orange-meteor","https://pokeapi.co/api/v2/pokemon/10130/"
"938","minior-yellow-meteor","https://pokeapi.co/api/v2/pokemon/10131/"
"939","minior-green-meteor","https://pokeapi.co/api/v2/pokemon/10132/"
"940","minior-blue-meteor","https://pokeapi.co/api/v2/pokemon/10133/"
"941","minior-indigo-meteor","https://pokeapi.co/api/v2/pokemon/10134/"
"942","minior-violet-meteor","https://pokeapi.co/api/v2/pokemon/10135/"
"943","minior-red","https://pokeapi.co/api/v2/pokemon/10136/"
"944","minior-orange","https://pokeapi.co/api/v2/pokemon/10137/"
"945","minior-yellow","https://pokeapi.co/api/v2/pokemon/10138/"
"946","minior-green","https://pokeapi.co/api/v2/pokemon/10139/"
"947","minior-blue","https://pokeapi.co/api/v2/pokemon/10140/"
"948","minior-indigo","https://pokeapi.co/api/v2/pokemon/10141/"
"949","minior-violet","https://pokeapi.co/api/v2/pokemon/10142/"
"950","mimikyu-busted","https://pokeapi.co/api/v2/pokemon/10143/"
"951","mimikyu-totem-disguised","https://pokeapi.co/api/v2/pokemon/10144/"
"952","mimikyu-totem-busted","https://pokeapi.co/api/v2/pokemon/10145/"
"953","kommo-o-totem","https://pokeapi.co/api/v2/pokemon/10146/"
"954","magearna-original","https://pokeapi.co/api/v2/pokemon/10147/"
"955","pikachu-partner-cap","https://pokeapi.co/api/v2/pokemon/10148/"
"956","marowak-totem","https://pokeapi.co/api/v2/pokemon/10149/"
"957","ribombee-totem","https://pokeapi.co/api/v2/pokemon/10150/"
"958","rockruff-own-tempo","https://pokeapi.co/api/v2/pokemon/10151/"
"959","lycanroc-dusk","https://pokeapi.co/api/v2/pokemon/10152/"
"960","araquanid-totem","https://pokeapi.co/api/v2/pokemon/10153/"
"961","togedemaru-totem","https://pokeapi.co/api/v2/pokemon/10154/"
"962","necrozma-dusk","https://pokeapi.co/api/v2/pokemon/10155/"
"963","necrozma-dawn","https://pokeapi.co/api/v2/pokemon/10156/"
"964","necrozma-ultra","https://pokeapi.co/api/v2/pokemon/10157/"
